filename,landmark_0_x,landmark_0_y,landmark_0_z,landmark_0_visibility,landmark_0_label,landmark_1_x,landmark_1_y,landmark_1_z,landmark_1_visibility,landmark_1_label,landmark_2_x,landmark_2_y,landmark_2_z,landmark_2_visibility,landmark_2_label,landmark_3_x,landmark_3_y,landmark_3_z,landmark_3_visibility,landmark_3_label,landmark_4_x,landmark_4_y,landmark_4_z,landmark_4_visibility,landmark_4_label,landmark_5_x,landmark_5_y,landmark_5_z,landmark_5_visibility,landmark_5_label,landmark_6_x,landmark_6_y,landmark_6_z,landmark_6_visibility,landmark_6_label,landmark_7_x,landmark_7_y,landmark_7_z,landmark_7_visibility,landmark_7_label,landmark_8_x,landmark_8_y,landmark_8_z,landmark_8_visibility,landmark_8_label,landmark_9_x,landmark_9_y,landmark_9_z,landmark_9_visibility,landmark_9_label,landmark_10_x,landmark_10_y,landmark_10_z,landmark_10_visibility,landmark_10_label,landmark_11_x,landmark_11_y,landmark_11_z,landmark_11_visibility,landmark_11_label,landmark_12_x,landmark_12_y,landmark_12_z,landmark_12_visibility,landmark_12_label,landmark_13_x,landmark_13_y,landmark_13_z,landmark_13_visibility,landmark_13_label,landmark_14_x,landmark_14_y,landmark_14_z,landmark_14_visibility,landmark_14_label,landmark_15_x,landmark_15_y,landmark_15_z,landmark_15_visibility,landmark_15_label,landmark_16_x,landmark_16_y,landmark_16_z,landmark_16_visibility,landmark_16_label,landmark_17_x,landmark_17_y,landmark_17_z,landmark_17_visibility,landmark_17_label,landmark_18_x,landmark_18_y,landmark_18_z,landmark_18_visibility,landmark_18_label,landmark_19_x,landmark_19_y,landmark_19_z,landmark_19_visibility,landmark_19_label,landmark_20_x,landmark_20_y,landmark_20_z,landmark_20_visibility,landmark_20_label,landmark_21_x,landmark_21_y,landmark_21_z,landmark_21_visibility,landmark_21_label,landmark_22_x,landmark_22_y,landmark_22_z,landmark_22_visibility,landmark_22_label,landmark_23_x,landmark_23_y,landmark_23_z,landmark_23_visibility,landmark_23_label,landmark_24_x,landmark_24_y,landmark_24_z,landmark_24_visibility,landmark_24_label,landmark_25_x,landmark_25_y,landmark_25_z,landmark_25_visibility,landmark_25_label,landmark_26_x,landmark_26_y,landmark_26_z,landmark_26_visibility,landmark_26_label,landmark_27_x,landmark_27_y,landmark_27_z,landmark_27_visibility,landmark_27_label,landmark_28_x,landmark_28_y,landmark_28_z,landmark_28_visibility,landmark_28_label,landmark_29_x,landmark_29_y,landmark_29_z,landmark_29_visibility,landmark_29_label,landmark_30_x,landmark_30_y,landmark_30_z,landmark_30_visibility,landmark_30_label,landmark_31_x,landmark_31_y,landmark_31_z,landmark_31_visibility,landmark_31_label,landmark_32_x,landmark_32_y,landmark_32_z,landmark_32_visibility,landmark_32_label
File 3.jpg,0.4507935047149658,0.25309085845947266,-0.38569575548171997,0.9999101161956787,0,0.45844876766204834,0.23757368326187134,-0.3465898334980011,0.9998015761375427,0,0.4636140465736389,0.2381977140903473,-0.3466920852661133,0.9997822642326355,0,0.4689073860645294,0.23925834894180298,-0.3469565808773041,0.9997727274894714,0,0.44018837809562683,0.23678693175315857,-0.3463163375854492,0.9998103976249695,0,0.43318477272987366,0.23700132966041565,-0.34630122780799866,0.9997441172599792,0,0.42574232816696167,0.23731812834739685,-0.34619930386543274,0.9996989965438843,0,0.4770281910896301,0.2485843300819397,-0.15732505917549133,0.999811589717865,0,0.41835740208625793,0.2467341423034668,-0.15311898291110992,0.9993682503700256,0,0.4626081585884094,0.27189475297927856,-0.31752902269363403,0.9996269941329956,0,0.4393322765827179,0.27154287695884705,-0.3161892592906952,0.9996433258056641,0,0.5154234766960144,0.3239670991897583,-0.07261064648628235,0.999373733997345,0,0.38488420844078064,0.316792368888855,-0.11046236008405685,0.9991480112075806,0,0.6025991439819336,0.2327117621898651,-0.09086451679468155,0.993682861328125,0,0.3177250325679779,0.21754619479179382,-0.19518698751926422,0.9924893379211426,0,0.6876285076141357,0.1302233636379242,-0.2546800673007965,0.9889082312583923,0,0.2611547112464905,0.10797452926635742,-0.36463695764541626,0.9890362620353699,0,0.7110568284988403,0.10255386680364609,-0.29560422897338867,0.9696360230445862,0,0.2504744529724121,0.07315889000892639,-0.41100671887397766,0.9713976383209229,0,0.7107270359992981,0.09532740712165833,-0.33109942078590393,0.969961941242218,0,0.25330573320388794,0.06700849533081055,-0.42436712980270386,0.970511794090271,0,0.7017694115638733,0.10470572113990784,-0.2817046046257019,0.9734596014022827,0,0.25847357511520386,0.08016431331634521,-0.38223588466644287,0.9716862440109253,0,0.49717000126838684,0.5610499382019043,0.03442183881998062,0.9996016621589661,0,0.41984742879867554,0.5843935012817383,-0.0341353639960289,0.999685525894165,0,0.651968777179718,0.6673329472541809,-0.15413706004619598,0.9439691305160522,0,0.45715591311454773,0.7622417211532593,-0.0848199650645256,0.9563884139060974,0,0.4849933087825775,0.6440355181694031,0.24813292920589447,0.6194338798522949,0,0.47609278559684753,0.9310893416404724,0.1783919781446457,0.9585513472557068,0,0.4599510729312897,0.629561185836792,0.28782936930656433,0.7291370034217834,0,0.4827999472618103,0.9506949186325073,0.1964256763458252,0.9052581191062927,0,0.45687517523765564,0.7243697047233582,0.20891498029232025,0.6842267513275146,0,0.4584389925003052,0.976894736289978,0.01428564079105854,0.9332255721092224,0
File 2.png,0.15572494268417358,0.6341955065727234,-0.5938491821289062,0.9999014735221863,0,0.14076478779315948,0.6363589763641357,-0.5999379754066467,0.9998151063919067,0,0.13695253431797028,0.636079728603363,-0.6000341773033142,0.9997971057891846,0,0.13344071805477142,0.6365382671356201,-0.600153386592865,0.999788224697113,0,0.15197202563285828,0.643413245677948,-0.6042958498001099,0.9998231530189514,0,0.15677417814731598,0.6495689153671265,-0.6042717695236206,0.9997624754905701,0,0.19536617398262024,0.7358561754226685,-0.6044045090675354,0.99972003698349,0,0.1289629340171814,0.6656367182731628,-0.5531012415885925,0.9998224973678589,0,0.2255851924419403,0.7674697041511536,-0.5802949070930481,0.9994227886199951,0,0.1627502590417862,0.6392518877983093,-0.5676941871643066,0.9996505975723267,0,0.17763209342956543,0.6475782990455627,-0.5753113031387329,0.9996693134307861,0,0.2072126418352127,0.7140797972679138,-0.34347063302993774,0.9992592334747314,0,0.34989985823631287,0.7019317746162415,-0.4194476008415222,0.9991550445556641,0,0.18250805139541626,0.5930085182189941,-0.25946128368377686,0.9497837424278259,0,0.371325820684433,0.5940896272659302,-0.18942277133464813,0.926453709602356,0,0.19352132081985474,0.44650912284851074,-0.1874649077653885,0.9581390023231506,0,0.35440942645072937,0.5661736726760864,-0.04340468347072601,0.9219600558280945,0,0.1816359907388687,0.41334590315818787,-0.20785287022590637,0.9327943325042725,0,0.3534333109855652,0.5754060745239258,-0.0527927428483963,0.9086198210716248,0,0.19715635478496552,0.40542563796043396,-0.2210923433303833,0.9309346079826355,0,0.3494981825351715,0.5679700374603271,-0.06116381287574768,0.9053725004196167,0,0.20728839933872223,0.4186056852340698,-0.19095925986766815,0.9318782687187195,0,0.3486323356628418,0.5610139966011047,-0.04125286266207695,0.9088461995124817,0,0.29119420051574707,0.7959726452827454,0.039146073162555695,0.9996383786201477,0,0.40626266598701477,0.7818078398704529,-0.03919091075658798,0.9997146129608154,0,0.1633235067129135,0.7333869934082031,0.27876824140548706,0.9462878704071045,0,0.5247512459754944,0.5362440347671509,-0.07666410505771637,0.9516248106956482,0,0.10052689164876938,0.5936439633369446,0.5370853543281555,0.6511332392692566,0,0.624540388584137,0.4130702316761017,0.04552102088928223,0.9418196678161621,0,0.11184712499380112,0.5738299489021301,0.5720439553260803,0.7432844042778015,0,0.6330720782279968,0.4279933571815491,0.0630359947681427,0.8959076404571533,0,0.04177630692720413,0.5660609006881714,0.5079778432846069,0.6979634761810303,0,0.6525830030441284,0.2863643169403076,-0.02434810996055603,0.912028431892395,0
File 1.png,0.15314339101314545,0.7265081405639648,-1.284716248512268,0.9998747706413269,0,0.14567714929580688,0.6973149180412292,-1.2793922424316406,0.9998279213905334,0,0.14733633399009705,0.6893383264541626,-1.279222846031189,0.9998067617416382,0,0.1490146964788437,0.6815217137336731,-1.279605507850647,0.9997979998588562,0,0.1377692073583603,0.7275009155273438,-1.2598299980163574,0.9998379945755005,0,0.13410931825637817,0.7393671870231628,-1.2598093748092651,0.9997801780700684,0,0.13462840020656586,0.7520987391471863,-1.2595856189727783,0.9997426867485046,0,0.15237458050251007,0.6766260862350464,-1.1104861497879028,0.9998317360877991,0,0.13192029297351837,0.7726073265075684,-1.0183392763137817,0.9994760155677795,0,0.160219207406044,0.731248676776886,-1.207492470741272,0.9995396733283997,0,0.16010728478431702,0.7662451267242432,-1.1803886890411377,0.9996455907821655,0,0.287330687046051,0.6634169816970825,-0.8610371947288513,0.9981688857078552,0,0.1720575988292694,0.8171303868293762,-0.7785052061080933,0.9983971118927002,0,0.3534712791442871,0.4393406808376312,-0.9655317664146423,0.9325671792030334,0,0.15930870175361633,0.8858311176300049,-0.863682746887207,0.837977409362793,0,0.30183953046798706,0.2552935481071472,-1.0151054859161377,0.9491545557975769,0,0.23213157057762146,0.9409447908401489,-1.1682711839675903,0.8553407192230225,0,0.29704585671424866,0.21591661870479584,-1.0657926797866821,0.9258040189743042,0,0.20039168000221252,0.935276210308075,-1.237868070602417,0.8584539890289307,0,0.2399413287639618,0.1838933825492859,-1.0701255798339844,0.923122227191925,0,0.19851814210414886,0.9077109694480896,-1.2278354167938232,0.8554491400718689,0,0.23927398025989532,0.21960456669330597,-1.0186843872070312,0.9201319217681885,0,0.1999838799238205,0.9031789302825928,-1.170638084411621,0.8572855591773987,0,0.29258909821510315,0.7100896835327148,-0.013253706507384777,0.9987694621086121,0,0.2683718800544739,0.7552054524421692,0.013162531889975071,0.9985899329185486,0,0.374066561460495,0.49110326170921326,0.07704798132181168,0.887614369392395,0,0.15699851512908936,0.49775034189224243,0.13848556578159332,0.8709768652915955,0,0.35630542039871216,0.30578136444091797,0.29564404487609863,0.6163663268089294,0,0.24865297973155975,0.31804752349853516,0.23026904463768005,0.8571129441261292,0,0.3505716919898987,0.28678739070892334,0.3237563669681549,0.7091537714004517,0,0.28244102001190186,0.32141202688217163,0.25070852041244507,0.8240873217582703,0,0.3578530550003052,0.23717837035655975,0.25678104162216187,0.6587530374526978,0,0.23733599483966827,0.2086946964263916,0.1853131204843521,0.8347902894020081,0
File 5.jpg,0.4304890036582947,0.20989474654197693,-0.5851578712463379,0.986822247505188,0,0.44076967239379883,0.1990284025669098,-0.5396913886070251,0.9850732684135437,0,0.4488937258720398,0.1983231157064438,-0.5398261547088623,0.986609160900116,0,0.45700308680534363,0.19742368161678314,-0.5401928424835205,0.985689640045166,0,0.4159940481185913,0.20262651145458221,-0.561392605304718,0.9884258508682251,0,0.40575194358825684,0.2047937959432602,-0.5613545775413513,0.9889982342720032,0,0.39438480138778687,0.207304447889328,-0.5615723729133606,0.9858226776123047,0,0.46265682578086853,0.20650075376033783,-0.3157641887664795,0.9881418347358704,0,0.37486860156059265,0.2201850265264511,-0.4091498851776123,0.9798643589019775,0,0.44362005591392517,0.22346167266368866,-0.4991735517978668,0.975262463092804,0,0.41305479407310486,0.22705088555812836,-0.5271368622779846,0.9776972532272339,0,0.49482423067092896,0.2676428258419037,-0.27382561564445496,0.9965674877166748,0,0.3458718955516815,0.2889688014984131,-0.4432663321495056,0.9978199005126953,0,0.517236053943634,0.14506344497203827,-0.35999128222465515,0.9313904047012329,0,0.3806662857532501,0.16717246174812317,-0.6502154469490051,0.8466651439666748,0,0.5107259154319763,0.06054036319255829,-0.4199209213256836,0.9379300475120544,0,0.4499574899673462,0.06339314579963684,-0.6339511871337891,0.849306583404541,0,0.5046741962432861,0.02323697879910469,-0.4547138810157776,0.9082241654396057,0,0.46295055747032166,0.028969181701540947,-0.6611061096191406,0.8441235423088074,0,0.48427101969718933,0.019473709166049957,-0.44098103046417236,0.9034611582756042,0,0.4595746099948883,0.02938949689269066,-0.610610842704773,0.8388991355895996,0,0.4842148721218109,0.034127481281757355,-0.4260914921760559,0.9042630195617676,0,0.4569677412509918,0.04309843108057976,-0.6201152205467224,0.8401675820350647,0,0.4673852026462555,0.5065135359764099,0.032289307564496994,0.998724639415741,0,0.35798385739326477,0.538122832775116,-0.03290695324540138,0.998648464679718,0,0.6290248036384583,0.5596365928649902,-0.2852918803691864,0.8932536840438843,0,0.263914555311203,0.6672348976135254,-0.25102946162223816,0.880983293056488,0,0.4297030568122864,0.5367598533630371,0.23265789449214935,0.6087733507156372,0,0.3110089600086212,0.8196102976799011,0.01760428585112095,0.8675512075424194,0,0.40855398774147034,0.5249886512756348,0.24964110553264618,0.6980715394020081,0,0.3517775535583496,0.8317885398864746,0.07067209482192993,0.8327015042304993,0,0.38038215041160583,0.5961105823516846,0.23192447423934937,0.6527239680290222,0,0.2978576421737671,0.8735261559486389,-0.18211756646633148,0.8453266620635986,0
File 4.jpg,0.5001288056373596,0.1786043494939804,-0.06796783208847046,0.9864177107810974,0,0.5116220712661743,0.16317325830459595,-0.0593271367251873,0.9850190877914429,0,0.5147831439971924,0.16456544399261475,-0.05935375764966011,0.9867236614227295,0,0.5118419528007507,0.1445777267217636,-0.0594714879989624,0.9856252074241638,0,0.5030157566070557,0.16014455258846283,-0.051099713891744614,0.9878211617469788,0,0.5009026527404785,0.16068722307682037,-0.051048602908849716,0.9886032342910767,0,0.49813708662986755,0.1608279049396515,-0.05136706680059433,0.9857236742973328,0,0.5255064964294434,0.17463088035583496,0.007606964558362961,0.987112820148468,0,0.5011563301086426,0.17837046086788177,0.045880407094955444,0.980162501335144,0,0.5100114941596985,0.20015060901641846,-0.041391801089048386,0.9742276072502136,0,0.4997207224369049,0.2057257890701294,-0.030216708779335022,0.9766609072685242,0,0.5333206653594971,0.26129552721977234,-0.018687408417463303,0.9966235756874084,0,0.48813289403915405,0.3306504786014557,0.12481600046157837,0.9977601170539856,0,0.5023598074913025,0.4245493412017822,-0.07268863171339035,0.8880131244659424,0,0.42650336027145386,0.5022093057632446,0.11882083117961884,0.7916059494018555,0,0.4771791398525238,0.5762640833854675,-0.08930769562721252,0.8794897198677063,0,0.4458684027194977,0.5174023509025574,0.06837505102157593,0.8136563897132874,0,0.48345625400543213,0.60745769739151,-0.09425553679466248,0.854125440120697,0,0.4595447778701782,0.5153854489326477,0.08445253223180771,0.8121880292892456,0,0.47077786922454834,0.5740523338317871,-0.07201272994279861,0.8474135994911194,0,0.4441654086112976,0.5127972364425659,0.07290416955947876,0.8071257472038269,0,0.4725028872489929,0.5808948278427124,-0.07963556051254272,0.8487659096717834,0,0.44690757989883423,0.5182567238807678,0.06589677184820175,0.8077956438064575,0,0.5359219908714294,0.6374074220657349,-0.03474036976695061,0.998048722743988,0,0.5153300762176514,0.6975652575492859,0.0344063863158226,0.9980237483978271,0,0.4971083104610443,0.467692494392395,-0.09903042018413544,0.8833064436912537,0,0.43519261479377747,0.6946545839309692,0.12275765091180801,0.8634456396102905,0,0.5304974913597107,0.398572713136673,-0.030583176761865616,0.6000524759292603,0,0.5074767470359802,0.6093291640281677,0.05970050394535065,0.833082914352417,0,0.5477650165557861,0.3870290219783783,-0.020374884828925133,0.6767526268959045,0,0.5191331505775452,0.5939082503318787,0.06499506533145905,0.8101110458374023,0,0.5265085697174072,0.4525620937347412,0.04441644623875618,0.6421089768409729,0,0.5326177477836609,0.6179153323173523,0.099533312022686,0.8227121233940125,0
File 6.jpg,0.5323216915130615,0.3050866425037384,0.08697624504566193,0.9873251914978027,0,0.5389890074729919,0.2644489109516144,0.11202869564294815,0.9861289262771606,0,0.5410159230232239,0.270038902759552,0.1118350699543953,0.9877592921257019,0,0.5433977246284485,0.2398320585489273,0.1114853098988533,0.9867616295814514,0,0.5318206548690796,0.2534107267856598,0.12339901179075241,0.9886292815208435,0,0.5285261273384094,0.25288140773773193,0.12347192317247391,0.9893418550491333,0,0.5245336890220642,0.25529295206069946,0.12274811416864395,0.9866724610328674,0,0.5451112389564514,0.3077087998390198,0.21097919344902039,0.9880359768867493,0,0.5186250805854797,0.2919997274875641,0.23129738867282867,0.9815459251403809,0,0.5309593081474304,0.360505074262619,0.1308952271938324,0.9759396314620972,0,0.5215120911598206,0.37708866596221924,0.14183418452739716,0.9780973792076111,0,0.5735790133476257,0.3248675465583801,0.15665696561336517,0.9968332648277283,0,0.44070181250572205,0.3276990056037903,0.17854391038417816,0.9979118704795837,0,0.5879180431365967,0.24421152472496033,0.014442244544625282,0.8708058595657349,0,0.33635634183883667,0.2624953091144562,0.10070302337408066,0.7867475152015686,0,0.6197490096092224,0.15858283638954163,-0.09095831960439682,0.8556297421455383,0,0.22985173761844635,0.1777862310409546,-0.009685658849775791,0.7989908456802368,0,0.6789597868919373,0.1788703203201294,-0.11555157601833344,0.8292596936225891,0,0.19367463886737823,0.14337971806526184,-0.013244942761957645,0.7934713959693909,0,0.6961337924003601,0.15541306138038635,-0.09118422120809555,0.8231977224349976,0,0.20023152232170105,0.1442199945449829,-0.024364048615098,0.7910321354866028,0,0.6239023804664612,0.13301897048950195,-0.09039680659770966,0.825149416923523,0,0.21510586142539978,0.16094598174095154,-0.022883906960487366,0.7945747375488281,0,0.5839008688926697,0.5651628375053406,0.022782696411013603,0.9981723427772522,0,0.48452118039131165,0.580938994884491,-0.022277092561125755,0.998191237449646,0,0.6984351873397827,0.5091580748558044,-0.41661038994789124,0.8910384178161621,0,0.4815935492515564,0.5586807727813721,-0.8642663955688477,0.8756023049354553,0,0.522430419921875,0.7111655473709106,-0.7677613496780396,0.6308910846710205,0,0.5685299634933472,0.7566182017326355,-1.1342055797576904,0.8446434140205383,0,0.4940030872821808,0.8083240985870361,-0.8019075393676758,0.6986793279647827,0,0.569920003414154,0.773772120475769,-1.1468677520751953,0.8209585547447205,0,0.47334665060043335,0.7459673881530762,-0.9275611042976379,0.6688749194145203,0,0.6153190732002258,0.7732866406440735,-1.2851905822753906,0.8344235420227051,0
File 7.jpg,0.4611388146877289,0.16361302137374878,-0.14439083635807037,0.9760085940361023,0,0.4879615306854248,0.14488644897937775,-0.11082537472248077,0.9722973704338074,0,0.4943450689315796,0.15035831928253174,-0.11136781424283981,0.9766496419906616,0,0.49875953793525696,0.21143633127212524,-0.11251046508550644,0.9765971899032593,0,0.4629724621772766,0.15115909278392792,-0.0954771414399147,0.9733214378356934,0,0.45733821392059326,0.1625811755657196,-0.09511736035346985,0.9746305346488953,0,0.4512437880039215,0.1613471955060959,-0.09614492207765579,0.9728078246116638,0,0.5078583359718323,0.18542242050170898,0.1385376900434494,0.9762150645256042,0,0.44734057784080505,0.2049816995859146,0.2070894092321396,0.969234049320221,0,0.47485068440437317,0.1788114309310913,-0.040112074464559555,0.9675738215446472,0,0.41352900862693787,0.2105514258146286,-0.021776311099529266,0.9693156480789185,0,0.605189323425293,0.2532848119735718,0.15154872834682465,0.9958897829055786,0,0.3156755566596985,0.271283358335495,0.3050200939178467,0.9959346055984497,0,0.6704840660095215,0.5636596083641052,-0.08121123164892197,0.8750607967376709,0,0.2879103720188141,0.5358296632766724,0.0037592852022498846,0.7839152812957764,0,0.5481917858123779,0.46622219681739807,-0.3806128203868866,0.8504784107208252,0,0.4155161678791046,0.42469459772109985,-0.43435317277908325,0.812908411026001,0,0.5180363059043884,0.4703541696071625,-0.472011923789978,0.8229284882545471,0,0.4572544991970062,0.4978305399417877,-0.5270990133285522,0.8058873414993286,0,0.5077006816864014,0.40887564420700073,-0.43376651406288147,0.8190539479255676,0,0.4630488455295563,0.45540910959243774,-0.49409496784210205,0.8039042353630066,0,0.5108892917633057,0.4129679799079895,-0.3671533465385437,0.8204957842826843,0,0.46177399158477783,0.4583054482936859,-0.4332062602043152,0.8064195513725281,0,0.5722885727882385,0.7726836800575256,-0.013893922790884972,0.9917943477630615,0,0.36756932735443115,0.8025878071784973,0.014323839917778969,0.9927223920822144,0,0.5672538876533508,1.5250320434570312,-0.1413360834121704,0.873390257358551,0,0.3328845202922821,1.164642572402954,-0.03731437399983406,0.8304191827774048,0,0.6383687257766724,2.143639087677002,-0.32871949672698975,0.5887847542762756,0,0.4870530664920807,2.1792831420898438,0.13180765509605408,0.780594527721405,0,0.6417165398597717,2.2016937732696533,-0.11449022591114044,0.6456066370010376,0,0.510185956954956,2.2484443187713623,0.13462476432323456,0.7531790137290955,0,0.6588219404220581,2.378922700881958,-0.04131057858467102,0.6133551001548767,0,0.5582830309867859,2.4267654418945312,-0.29146742820739746,0.7599325180053711,0
File 18.jpg,0.40357154607772827,0.29522377252578735,0.08930719643831253,0.9202851057052612,0,0.38621988892555237,0.25535064935684204,0.08382324874401093,0.9126688241958618,0,0.3810984790325165,0.2633649408817291,0.08356505632400513,0.9226492047309875,0,0.3748064935207367,0.29139408469200134,0.0833667665719986,0.9189033508300781,0,0.39836621284484863,0.24929404258728027,0.0667748898267746,0.9216893315315247,0,0.4024265706539154,0.2554364800453186,0.0668516755104065,0.924847424030304,0,0.41274893283843994,0.2573356330394745,0.06640280038118362,0.9171285033226013,0,0.3742433190345764,0.34934940934181213,0.07979044318199158,0.914840042591095,0,0.41856396198272705,0.34120675921440125,0.020291199907660484,0.9087167382240295,0,0.40252554416656494,0.2983216345310211,0.030730776488780975,0.9150810837745667,0,0.41356879472732544,0.28604358434677124,0.0288157407194376,0.9135204553604126,0,0.3854418694972992,0.2958950996398926,0.01692763902246952,0.9905209541320801,0,0.44546613097190857,0.36779916286468506,-0.08050955086946487,0.994514524936676,0,0.4915724992752075,0.5974898934364319,-0.07871382683515549,0.7951110005378723,0,0.5864097476005554,0.5317848920822144,-0.26305869221687317,0.7497586607933044,0,0.6607720255851746,0.6967247128486633,-0.1257392019033432,0.8124862909317017,0,0.7008700370788574,0.6811426281929016,-0.5903416275978088,0.782355546951294,0,0.7072260975837708,0.6949368119239807,-0.152238667011261,0.7949557304382324,0,0.7262009382247925,0.7185356020927429,-0.40765270590782166,0.7773396968841553,0,0.7166527509689331,0.7082524299621582,-0.15717603266239166,0.7942202091217041,0,0.7233598828315735,0.7306718230247498,-0.4429900050163269,0.7748278975486755,0,0.6961278319358826,0.7136338353157043,-0.13820677995681763,0.7984660863876343,0,0.7177867293357849,0.7195621728897095,-0.5723773241043091,0.7788155674934387,0,0.3776129484176636,0.5774836540222168,0.03682098537683487,0.9923782348632812,0,0.4357689619064331,0.5460747480392456,-0.0371222198009491,0.993338942527771,0,0.3752325177192688,0.45991745591163635,0.10625492036342621,0.825766384601593,0,0.41740939021110535,0.26587241888046265,-0.08499832451343536,0.8344844579696655,0,0.37393078207969666,0.7480437159538269,0.07576172053813934,0.5959202647209167,0,0.6591612100601196,0.6976484656333923,-0.15882180631160736,0.7845611572265625,0,0.3799140453338623,0.7941438555717468,0.08652498573064804,0.6424791216850281,0,0.6872290968894958,0.7448994517326355,-0.16603070497512817,0.7620619535446167,0,0.38398274779319763,0.8269166946411133,-0.015023057349026203,0.6096204519271851,0,0.7276012301445007,0.8163527250289917,-0.28434374928474426,0.7432389259338379,0
File 24.jpg,0.3937807083129883,0.5108864307403564,-0.8116717338562012,0.8625511527061462,0,0.4000239670276642,0.49937552213668823,-0.8431335687637329,0.8533387184143066,0,0.4056042730808258,0.4927048087120056,-0.8430905938148499,0.8748078942298889,0,0.41106659173965454,0.4885953366756439,-0.8433724045753479,0.8682759404182434,0,0.38635650277137756,0.5193839073181152,-0.8452551364898682,0.8627567291259766,0,0.38226622343063354,0.5266818404197693,-0.8453250527381897,0.8697856068611145,0,0.37826651334762573,0.5337442755699158,-0.8456921577453613,0.8559187650680542,0,0.4264277517795563,0.4731157720088959,-0.8187519907951355,0.8552144169807434,0,0.37581866979599,0.5336802005767822,-0.8204139471054077,0.8434453010559082,0,0.4105440080165863,0.5000470876693726,-0.7823085784912109,0.8608267903327942,0,0.3954061269760132,0.5173207521438599,-0.7851033210754395,0.8529568314552307,0,0.47184401750564575,0.28515446186065674,-0.602477490901947,0.9838370084762573,0,0.35035380721092224,0.4912579655647278,-0.6557286977767944,0.9858831763267517,0,0.5321770310401917,0.5008013844490051,-0.49639323353767395,0.7505886554718018,0,0.3958701193332672,0.611631453037262,-0.6450590491294861,0.751180112361908,0,0.5457981824874878,0.5733818411827087,-0.5426523089408875,0.8015432357788086,0,0.5084343552589417,0.516995906829834,-0.7259576320648193,0.796134352684021,0,0.5461871027946472,0.5850501656532288,-0.552455484867096,0.7875487804412842,0,0.5402254462242126,0.5246938467025757,-0.7848852276802063,0.7906191945075989,0,0.5386875867843628,0.5638588666915894,-0.5995983481407166,0.7884107232093811,0,0.535013735294342,0.48436862230300903,-0.7535671591758728,0.7890670299530029,0,0.5410678386688232,0.5648934245109558,-0.5565939545631409,0.7926737070083618,0,0.5258408188819885,0.489309161901474,-0.7166867852210999,0.7916035056114197,0,0.4354484975337982,0.44967567920684814,0.018468791618943214,0.9909803867340088,0,0.35414913296699524,0.5406472086906433,-0.018283240497112274,0.9930562376976013,0,0.5383139252662659,0.425014466047287,-0.08554018288850784,0.8309465050697327,0,0.3495042324066162,0.4919038712978363,-0.28763023018836975,0.8447852730751038,0,0.4685439467430115,0.5847396850585938,0.17287713289260864,0.6237686276435852,0,0.579372763633728,0.6032552719116211,-0.23686866462230682,0.7938441038131714,0,0.45748597383499146,0.5914539098739624,0.20657651126384735,0.6533711552619934,0,0.6134285926818848,0.5896079540252686,-0.22620247304439545,0.7668166756629944,0,0.43228667974472046,0.6564792990684509,0.09713230282068253,0.6323041319847107,0,0.668657124042511,0.673119068145752,-0.34712937474250793,0.7524725794792175,0
File 19.jpg,0.4056848883628845,0.6958617568016052,-0.7349103093147278,0.8734170198440552,0,0.39783555269241333,0.7737694382667542,-0.7781400084495544,0.8658127784729004,0,0.39084500074386597,0.7801427245140076,-0.7782845497131348,0.8859843015670776,0,0.38405150175094604,0.8133793473243713,-0.7781246304512024,0.8795431852340698,0,0.4250893294811249,0.7504770755767822,-0.7843002676963806,0.8734365105628967,0,0.4348466396331787,0.7409021854400635,-0.7845762372016907,0.8803571462631226,0,0.4446217715740204,0.7315361499786377,-0.7850221991539001,0.8673379421234131,0,0.38045594096183777,0.7959181070327759,-0.8801748752593994,0.8676083087921143,0,0.4701555371284485,0.7134719491004944,-0.9270045161247253,0.8567144274711609,0,0.39585554599761963,0.6701153516769409,-0.7163213491439819,0.8713290691375732,0,0.4284561276435852,0.6460381746292114,-0.7293214201927185,0.8650380373001099,0,0.360533744096756,0.6647354960441589,-0.6961548924446106,0.9841841459274292,0,0.5024569630622864,0.5244269371032715,-0.5732367038726807,0.9871484637260437,0,0.2760094702243805,0.7628594636917114,-0.6259638071060181,0.7625645995140076,0,0.43119004368782043,0.501380205154419,-0.6467688679695129,0.7288411259651184,0,0.16276973485946655,0.8851988315582275,-0.7479484677314758,0.8191044926643372,0,0.3666543662548065,0.40213122963905334,-0.7802728414535522,0.803760826587677,0,0.11878248304128647,0.9275851845741272,-0.8005082607269287,0.8060184717178345,0,0.36028239130973816,0.38485318422317505,-0.8289701342582703,0.7984627485275269,0,0.10422808676958084,0.9128247499465942,-0.818255603313446,0.8064479231834412,0,0.33948901295661926,0.36085212230682373,-0.8170751333236694,0.7960818409919739,0,0.1210724487900734,0.9017868041992188,-0.7568086385726929,0.809434711933136,0,0.33445799350738525,0.3689204454421997,-0.7739613652229309,0.7959502935409546,0,0.40555551648139954,0.5639095306396484,0.08277355879545212,0.9918794631958008,0,0.5147246718406677,0.5308997631072998,-0.08303431421518326,0.993750274181366,0,0.345613956451416,0.6398294568061829,0.33635276556015015,0.8421405553817749,0,0.768592357635498,0.47272148728370667,-0.37072592973709106,0.8595098853111267,0,0.30934378504753113,0.9149435758590698,0.4749791920185089,0.6596285104751587,0,0.9158876538276672,0.8439415097236633,-0.44137707352638245,0.8139198422431946,0,0.3052819073200226,0.9527565240859985,0.5614891648292542,0.6843080520629883,0,0.9355477690696716,0.9114249348640442,-0.45067059993743896,0.7890541553497314,0,0.2981838881969452,1.0151219367980957,0.4382776618003845,0.6650521755218506,0,0.8775314092636108,0.8990011811256409,-0.6552867889404297,0.775540828704834,0
File 27.jpg,0.5692890286445618,0.1917988508939743,-0.4456116557121277,0.8860606551170349,0,0.5705291032791138,0.16458119451999664,-0.40036556124687195,0.8792095184326172,0,0.575535774230957,0.1660982072353363,-0.40047866106033325,0.8973729610443115,0,0.5799135565757751,0.17099034786224365,-0.4007146656513214,0.8915703892707825,0,0.5495030283927917,0.16400043666362762,-0.41553983092308044,0.8860708475112915,0,0.5395932197570801,0.16524158418178558,-0.41557908058166504,0.8923054933547974,0,0.5287045836448669,0.16678820550441742,-0.41564494371414185,0.8805793523788452,0,0.5726897716522217,0.19556038081645966,-0.18098169565200806,0.8808276653289795,0,0.5067744851112366,0.19605526328086853,-0.28074362874031067,0.8710234761238098,0,0.5776706337928772,0.23574362695217133,-0.3635435998439789,0.8841723203659058,0,0.5502726435661316,0.22910261154174805,-0.3822193145751953,0.8784999847412109,0,0.648034930229187,0.3547220230102539,-0.1013965904712677,0.9856938719749451,0,0.4379153251647949,0.4062097370624542,-0.1428246647119522,0.9881628751754761,0,0.6973365545272827,0.5848291516304016,-0.021784663200378418,0.7798718810081482,0,0.33487004041671753,0.6713289022445679,-0.1450076699256897,0.7536001801490784,0,0.7545560002326965,0.7879184484481812,-0.1612197607755661,0.8275145888328552,0,0.38222211599349976,0.7467719316482544,-0.23796294629573822,0.8166137337684631,0,0.7729350328445435,0.8172964453697205,-0.2029939442873001,0.810031533241272,0,0.4164312183856964,0.7982357740402222,-0.2678578197956085,0.8064284324645996,0,0.7659369707107544,0.7652530670166016,-0.2465170919895172,0.8125152587890625,0,0.4618699848651886,0.7174344658851624,-0.2750716805458069,0.8050330281257629,0,0.7567259669303894,0.7804396748542786,-0.18604975938796997,0.8160102367401123,0,0.4543226957321167,0.7374165654182434,-0.24218791723251343,0.8046128153800964,0,0.5784549117088318,0.8046261668205261,-0.02465227246284485,0.9867436289787292,0,0.4522424638271332,0.7863935828208923,0.025131771340966225,0.987165093421936,0,0.559494137763977,0.8115836381912231,-0.23462989926338196,0.808204174041748,0,0.2602265477180481,0.819080114364624,-0.3001018464565277,0.8449831008911133,0,0.3465821444988251,0.9350616335868835,-0.2783178985118866,0.613933801651001,0,0.40528038144111633,1.1189154386520386,-0.22967973351478577,0.76530921459198,0,0.33609968423843384,0.9537030458450317,-0.2613043487071991,0.6428927183151245,0,0.4336499869823456,0.955761194229126,-0.21731212735176086,0.7550500631332397,0,0.291156530380249,1.209465742111206,-0.35881227254867554,0.6205518841743469,0,0.4088878929615021,1.2646842002868652,-0.31737369298934937,0.7273843884468079,0
File 22.png,0.8487118482589722,0.4027436673641205,0.08721786737442017,0.8954335451126099,0,0.8753640651702881,0.3350694477558136,0.11217066645622253,0.8892749547958374,0,0.8768479228019714,0.34908291697502136,0.11225429177284241,0.9050107002258301,0,0.8777406215667725,0.38290083408355713,0.11216098815202713,0.8997386693954468,0,0.8687272071838379,0.3298502564430237,0.08835645765066147,0.8959651589393616,0,0.8648564219474792,0.3560178875923157,0.08838876336812973,0.9013711214065552,0,0.8520150780677795,0.3721124231815338,0.08802120387554169,0.8910621404647827,0,0.8728569746017456,0.34659117460250854,0.20974627137184143,0.8888051509857178,0,0.8431566953659058,0.3982405662536621,0.08934576064348221,0.8819713592529297,0,0.8370655179023743,0.4333716034889221,0.1211790069937706,0.8922349810600281,0,0.8181737661361694,0.42423877120018005,0.08604704588651657,0.8873226642608643,0,0.7940235733985901,0.41350847482681274,0.18856899440288544,0.9864128232002258,0,0.663841962814331,0.31187108159065247,0.06730726361274719,0.9893071055412292,0,0.7960578203201294,0.5391499400138855,0.17963044345378876,0.7069104909896851,0,0.633497953414917,0.4211849570274353,-0.046761248260736465,0.7152760624885559,0,0.8200314044952393,0.6757126450538635,0.01954449713230133,0.7565882802009583,0,0.7421906590461731,0.43628332018852234,-0.14602254331111908,0.7884814143180847,0,0.8208296895027161,0.7310053706169128,-0.029645051807165146,0.7458741068840027,0,0.7531012296676636,0.5346575379371643,-0.15964265167713165,0.783156156539917,0,0.7975990176200867,0.7296817898750305,-0.02709922194480896,0.7485992312431335,0,0.7758090496063232,0.513904869556427,-0.14994432032108307,0.7818570137023926,0,0.7934167981147766,0.6671873927116394,0.013244282454252243,0.7544692158699036,0,0.7712244391441345,0.5045545697212219,-0.13809514045715332,0.7801839709281921,0,0.7428769469261169,0.5528436899185181,0.02806738391518593,0.9880000948905945,0,0.6349710822105408,0.4736248254776001,-0.02824670448899269,0.9884310364723206,0,0.8660198450088501,0.44294440746307373,-0.35502028465270996,0.8178601264953613,0,0.40188953280448914,0.5933501124382019,-0.25021421909332275,0.8572646975517273,0,0.8353713750839233,0.7953306436538696,-0.4506353735923767,0.6300519108772278,0,0.1896696835756302,0.7862569689750671,-0.4056975245475769,0.7850256562232971,0,0.8096114993095398,0.8594405055046082,-0.4570024907588959,0.6638621687889099,0,0.1873561590909958,0.8096299767494202,-0.42137300968170166,0.7738886475563049,0,0.8481588363647461,0.8342074155807495,-0.5463418364524841,0.6299428343772888,0,0.09395349025726318,0.8243221640586853,-0.5192871689796448,0.7449385523796082,0
File 21.jpg,0.6616897583007812,0.4194793701171875,-0.14441697299480438,0.9058879613876343,0,0.6751842498779297,0.4336012601852417,-0.13498423993587494,0.9003388285636902,0,0.6764562129974365,0.442283570766449,-0.13499757647514343,0.9145016074180603,0,0.6776869297027588,0.4512990117073059,-0.1350601762533188,0.9097569584846497,0,0.6739620566368103,0.41977813839912415,-0.11543445289134979,0.9063596129417419,0,0.674192488193512,0.41801923513412476,-0.11548977345228195,0.9112248420715332,0,0.6745221614837646,0.41645216941833496,-0.11552314460277557,0.9019457101821899,0,0.6762321591377258,0.4869554340839386,-0.08758669346570969,0.8999082446098328,0,0.6733582019805908,0.4432426393032074,-0.00029929663287475705,0.893753170967102,0,0.6502432227134705,0.44481319189071655,-0.1287725269794464,0.9030023813247681,0,0.6486494541168213,0.4257510304450989,-0.10333358496427536,0.8985771536827087,0,0.6238153576850891,0.6140303015708923,-0.07505917549133301,0.9877421855926514,0,0.6014659404754639,0.41223442554473877,0.025790510699152946,0.9903523921966553,0,0.6322831511497498,0.7651325464248657,-0.12539084255695343,0.7359330058097839,0,0.6005598306655884,0.2662338614463806,0.04558265581727028,0.7433256506919861,0,0.6501473188400269,0.8903337121009827,-0.275157630443573,0.7803566455841064,0,0.6058959364891052,0.1398468315601349,-0.015578337013721466,0.8090282082557678,0,0.6701705455780029,0.8985047936439514,-0.3055858016014099,0.7695569396018982,0,0.6091728806495667,0.10022842884063721,-0.03525160998106003,0.8024578094482422,0,0.6734020709991455,0.8998719453811646,-0.34166219830513,0.7723466157913208,0,0.6140698790550232,0.09942227602005005,-0.05801314115524292,0.8016191720962524,0,0.6657681465148926,0.8997362852096558,-0.2970997989177704,0.7777122259140015,0,0.6121046543121338,0.11363193392753601,-0.03339646756649017,0.8003801703453064,0,0.4745109975337982,0.6911181807518005,-0.02948683872818947,0.988821268081665,0,0.4430922269821167,0.5851619243621826,0.02943091094493866,0.9893636107444763,0,0.3640020489692688,0.7764751315116882,-0.04181080684065819,0.8253160715103149,0,0.3461255431175232,0.7138268351554871,0.01253565400838852,0.8592862486839294,0,0.2564999461174011,0.8596740365028381,0.053530387580394745,0.6528677940368652,0,0.24504917860031128,0.8366442918777466,0.09703536331653595,0.7901505827903748,0,0.2415926456451416,0.8698606491088867,0.05828153342008591,0.6718916296958923,0,0.23196187615394592,0.8532218933105469,0.0992855429649353,0.7657569646835327,0,0.22805355489253998,0.8666242361068726,-0.0645996481180191,0.6538629531860352,0,0.22130431234836578,0.8446999788284302,-0.013879617676138878,0.756471574306488,0
File 20.jpg,0.2733967900276184,0.3529214859008789,-0.563058078289032,0.9150553941726685,0,0.2553320527076721,0.32952171564102173,-0.5941446423530579,0.9100463390350342,0,0.2567364275455475,0.3289998471736908,-0.5941024422645569,0.9227566123008728,0,0.2587834298610687,0.3290250301361084,-0.5941748023033142,0.9185333251953125,0,0.3086015582084656,0.4179001748561859,-0.586506187915802,0.9153350591659546,0,0.30851972103118896,0.42394590377807617,-0.5863651037216187,0.9195210337638855,0,0.308415025472641,0.4297346770763397,-0.5865703225135803,0.9112355709075928,0,0.2625316083431244,0.32879284024238586,-0.6148418188095093,0.909682035446167,0,0.3085263967514038,0.46265846490859985,-0.5848615169525146,0.9038307070732117,0,0.27937981486320496,0.35990169644355774,-0.5548703670501709,0.912528932094574,0,0.27957600355148315,0.37717264890670776,-0.5455412268638611,0.9082640409469604,0,0.34730374813079834,0.45712947845458984,-0.475140243768692,0.9889349937438965,0,0.35039928555488586,0.547041118144989,-0.4560474157333374,0.99123615026474,0,0.3156665563583374,0.5999113321304321,-0.46933847665786743,0.7310485243797302,0,0.31370237469673157,0.6137830018997192,-0.4540356397628784,0.733712911605835,0,0.32080724835395813,0.8050072193145752,-0.5583383440971375,0.8010274171829224,0,0.31550177931785583,0.7760512232780457,-0.5171577334403992,0.8178854584693909,0,0.327591210603714,0.8522208333015442,-0.5962491035461426,0.7913680672645569,0,0.2976505160331726,0.8233714699745178,-0.5647904872894287,0.8105478286743164,0,0.3208005130290985,0.8485856652259827,-0.6323227286338806,0.7937127351760864,0,0.2933005094528198,0.8289843797683716,-0.5702230930328369,0.8059661984443665,0,0.3193984627723694,0.8416162133216858,-0.5748718976974487,0.7981891632080078,0,0.30327558517456055,0.8154239058494568,-0.5239656567573547,0.8056879043579102,0,0.4008197486400604,0.4680272936820984,-0.02284638024866581,0.9899312853813171,0,0.3981165885925293,0.5261576175689697,0.022806962952017784,0.9904255270957947,0,0.35913246870040894,0.4281373918056488,0.0406503789126873,0.7587565779685974,0,0.3106653392314911,0.4824804663658142,0.1361313760280609,0.8247220516204834,0,0.47061726450920105,0.5783125758171082,0.30831006169319153,0.6135278940200806,0,0.26099279522895813,0.535975992679596,0.29567357897758484,0.7762093544006348,0,0.48592323064804077,0.6023002862930298,0.3377661406993866,0.6390299201011658,0,0.2596660554409027,0.5455740094184875,0.3119205832481384,0.750984251499176,0,0.5078297257423401,0.6334959268569946,0.3710792064666748,0.6114446520805359,0,0.2356792688369751,0.5344436168670654,0.31736332178115845,0.7191559076309204,0
File 11.jpg,0.7060174942016602,0.34968528151512146,-0.4613412022590637,0.9235459566116333,0,0.6966171264648438,0.34054622054100037,-0.45547738671302795,0.9190352559089661,0,0.6957672238349915,0.34008264541625977,-0.4554480016231537,0.9304731488227844,0,0.6949014067649841,0.33980593085289,-0.4553464651107788,0.9266729950904846,0,0.6995578408241272,0.3439542353153229,-0.4712980091571808,0.9237966537475586,0,0.6980199813842773,0.3455590307712555,-0.4715920686721802,0.9275637269020081,0,0.6964470744132996,0.3474031686782837,-0.47176849842071533,0.9201079607009888,0,0.6840636134147644,0.3500005304813385,-0.3742738962173462,0.9187049865722656,0,0.6857935786247253,0.3614460825920105,-0.44770604372024536,0.9134403467178345,0,0.7066298127174377,0.36103591322898865,-0.4255203604698181,0.921265721321106,0,0.7050496339797974,0.36476266384124756,-0.44676345586776733,0.9174299240112305,0,0.6533891558647156,0.39790377020835876,-0.24698467552661896,0.9900312423706055,0,0.6674079895019531,0.4536777436733246,-0.4303126335144043,0.9921117424964905,0,0.5668874382972717,0.4265826642513275,-0.2221977561712265,0.7260858416557312,0,0.58921217918396,0.44974610209465027,-0.44119492173194885,0.7586520314216614,0,0.48006880283355713,0.42310434579849243,-0.2575454115867615,0.7815237045288086,0,0.5023971199989319,0.46475106477737427,-0.4146336317062378,0.8305599689483643,0,0.45654356479644775,0.41727539896965027,-0.2624155282974243,0.7646735310554504,0,0.4515543282032013,0.41765788197517395,-0.45015329122543335,0.819311797618866,0,0.4542090594768524,0.41500169038772583,-0.2920852303504944,0.7655975818634033,0,0.4474387466907501,0.4160488545894623,-0.45913809537887573,0.8149512410163879,0,0.4605883061885834,0.4189164936542511,-0.26977482438087463,0.7648963928222656,0,0.4543535113334656,0.420526921749115,-0.41952916979789734,0.8118075132369995,0,0.518898606300354,0.5241719484329224,0.056930091232061386,0.9909361004829407,0,0.5293472409248352,0.5503858327865601,-0.05746106058359146,0.991381824016571,0,0.5156722664833069,0.6320312023162842,0.20917214453220367,0.7398151159286499,0,0.585263192653656,0.7025129795074463,0.09321996569633484,0.838245689868927,0,0.4844622313976288,0.7412572503089905,0.4190531075000763,0.6298343539237976,0,0.49290570616722107,0.7998740077018738,0.27893269062042236,0.7954741716384888,0,0.4833453893661499,0.7578084468841553,0.43733713030815125,0.6543821692466736,0,0.4684809744358063,0.7789894938468933,0.29488977789878845,0.766535222530365,0,0.4741387665271759,0.8351297378540039,0.40066462755203247,0.6377391815185547,0,0.4758949279785156,0.8312627077102661,0.24143269658088684,0.7427123785018921,0
File 10.jpg,0.4525798261165619,0.2792729437351227,-0.7774578332901001,0.9311906099319458,0,0.4368172287940979,0.28047803044319153,-0.7941373586654663,0.9271310567855835,0,0.43893909454345703,0.2816314995288849,-0.7940296530723572,0.9374252557754517,0,0.441389799118042,0.28302714228630066,-0.7940635681152344,0.934005081653595,0,0.45486727356910706,0.28530633449554443,-0.7913723587989807,0.9314159154891968,0,0.4545080363750458,0.2881803512573242,-0.7913974523544312,0.9348059892654419,0,0.45428594946861267,0.29135462641716003,-0.7914914488792419,0.9280955195426941,0,0.44708043336868286,0.30825257301330566,-0.7426216006278992,0.9268339276313782,0,0.4566895663738251,0.3192066252231598,-0.7448406219482422,0.922095537185669,0,0.46127521991729736,0.29407501220703125,-0.7528149485588074,0.9291386604309082,0,0.4610454738140106,0.297505259513855,-0.7514139413833618,0.9256862998008728,0,0.5279324054718018,0.4584041237831116,-0.524377167224884,0.9909998178482056,0,0.5108804702758789,0.423086017370224,-0.39376741647720337,0.9929003715515137,0,0.5423786044120789,0.4760642647743225,-0.5102698802947998,0.6615250110626221,0,0.5011658668518066,0.24091196060180664,-0.6176967024803162,0.7813915610313416,0,0.5193688273429871,0.44558095932006836,-0.5030434727668762,0.711449921131134,0,0.4830680191516876,0.10223398357629776,-0.7156317830085754,0.8400059342384338,0,0.5036935210227966,0.4448752701282501,-0.48762014508247375,0.6951780319213867,0,0.4712052047252655,0.06301389634609222,-0.7554399967193604,0.8248656988143921,0,0.5074942708015442,0.4438048005104065,-0.4958980977535248,0.6955886483192444,0,0.4701065123081207,0.06437444686889648,-0.7710247039794922,0.8175240159034729,0,0.512043297290802,0.44266024231910706,-0.5044540166854858,0.6957665085792542,0,0.473272442817688,0.07982379198074341,-0.7296254634857178,0.8145769834518433,0,0.5246179699897766,0.585018515586853,0.11790122091770172,0.991818904876709,0,0.47828561067581177,0.5560581088066101,-0.11892621219158173,0.9922412037849426,0,0.28894177079200745,0.6700907945632935,0.19583040475845337,0.7565745711326599,0,0.4043434262275696,0.7067751288414001,-0.13852210342884064,0.8543455004692078,0,0.6842505931854248,0.8890544176101685,0.2611318826675415,0.6606380939483643,0,0.288646399974823,0.8016787171363831,-0.027638688683509827,0.8151782155036926,0,0.6776488423347473,0.9100205302238464,0.266649454832077,0.6791961193084717,0,0.27670159935951233,0.7868990898132324,-0.017051629722118378,0.7868905067443848,0,0.738606870174408,0.9225273132324219,0.250198632478714,0.6628512144088745,0,0.2871927320957184,0.8631381392478943,-0.09992796182632446,0.765879213809967,0
File 12.jpg,0.1228487566113472,0.546761691570282,-0.5701400637626648,0.9380337595939636,0,0.11918528378009796,0.45775726437568665,-0.6077094078063965,0.9343859553337097,0,0.12034130096435547,0.4785977900028229,-0.6078274846076965,0.9436485767364502,0,0.12701523303985596,0.4831342399120331,-0.6078805327415466,0.9405701756477356,0,0.1134144589304924,0.6019893288612366,-0.5818741321563721,0.938218355178833,0,0.11199541389942169,0.6037765145301819,-0.5817903876304626,0.9412391781806946,0,0.11100132018327713,0.6053840517997742,-0.5819233655929565,0.9352006316184998,0,0.18229496479034424,0.43877384066581726,-0.6603859663009644,0.9341248273849487,0,0.11601454019546509,0.6123809218406677,-0.5431629419326782,0.9297686219215393,0,0.12920823693275452,0.5641545057296753,-0.5735982060432434,0.9361767768859863,0,0.12618307769298553,0.5845245718955994,-0.5393540263175964,0.9330031871795654,0,0.25353100895881653,0.648979127407074,-0.5500016808509827,0.9918646812438965,0,0.23027530312538147,0.6320582032203674,-0.40438273549079895,0.993194580078125,0,0.2863315939903259,0.7308995723724365,-0.5784592032432556,0.6786810755729675,0,0.17978663742542267,0.7008092403411865,-0.4646120071411133,0.7146281003952026,0,0.17276303470134735,0.8706899285316467,-0.6248928904533386,0.731021523475647,0,0.12980562448501587,0.8288713097572327,-0.5413706302642822,0.7664270997047424,0,0.17526450753211975,0.8844414353370667,-0.6812134981155396,0.7167962789535522,0,0.1004200428724289,0.8695334196090698,-0.5836103558540344,0.754193902015686,0,0.1613381803035736,0.8954852223396301,-0.6924441456794739,0.715015709400177,0,0.07792333513498306,0.8891448974609375,-0.6061182618141174,0.7450913190841675,0,0.163559228181839,0.8850417137145996,-0.6334071159362793,0.7147786021232605,0,0.1313163787126541,0.8659208416938782,-0.5566767454147339,0.7464233040809631,0,0.35442477464675903,0.6048668622970581,-0.037070441991090775,0.9924853444099426,0,0.33091968297958374,0.600677490234375,0.036992255598306656,0.9925824403762817,0,0.36752355098724365,0.7187515497207642,0.025961700826883316,0.7319416403770447,0,0.288153737783432,0.6298772096633911,0.020414477214217186,0.8011083006858826,0,0.564197301864624,0.7989699244499207,-0.0851755440235138,0.6862552762031555,0,0.22969011962413788,0.8177645802497864,0.1507984846830368,0.7794235944747925,0,0.5808843970298767,0.8069210648536682,-0.08948349952697754,0.6991672515869141,0,0.2507319748401642,0.763248860836029,0.16390585899353027,0.7713363766670227,0,0.6161103248596191,0.7852417826652527,-0.20546211302280426,0.6729103922843933,0,0.3051331639289856,0.7794616222381592,0.10544514656066895,0.715474545955658,0
File 13.jpg,0.826586902141571,0.5579045414924622,-0.19932806491851807,0.9378589987754822,0,0.8394615054130554,0.5373125076293945,-0.18926021456718445,0.9284375905990601,0,0.8362011313438416,0.5315475463867188,-0.18933986127376556,0.9386017918586731,0,0.8361000418663025,0.5291347503662109,-0.18937039375305176,0.937143862247467,0,0.8365915417671204,0.537297785282135,-0.23329117894172668,0.9350947141647339,0,0.8340281248092651,0.5301570296287537,-0.2333398461341858,0.9408382177352905,0,0.8340343832969666,0.5260528922080994,-0.23345947265625,0.9354004263877869,0,0.8256485462188721,0.49039363861083984,-0.1330244243144989,0.9283928871154785,0,0.8226982355117798,0.4922824501991272,-0.33187228441238403,0.9315206408500671,0,0.808728814125061,0.5552489161491394,-0.17083574831485748,0.938931405544281,0,0.8089866638183594,0.5511488914489746,-0.2285323590040207,0.9361118674278259,0,0.7108621597290039,0.47872301936149597,0.002722008852288127,0.9920511841773987,0,0.647627055644989,0.48934680223464966,-0.4164588451385498,0.9937575459480286,0,0.7330180406570435,0.6993274092674255,0.021317133679986,0.6336561441421509,0,0.7213022112846375,0.7201180458068848,-0.4679512083530426,0.7405720949172974,0,0.7078889608383179,0.8890080451965332,-0.03972240537405014,0.6761236190795898,0,0.7425212860107422,0.9189215302467346,-0.4666307270526886,0.7851605415344238,0,0.7241902351379395,0.8957911133766174,-0.037225306034088135,0.6635043025016785,0,0.7756935358047485,0.9292210340499878,-0.5389469861984253,0.7723432183265686,0,0.7558199167251587,0.9028787612915039,-0.08911535888910294,0.6628733277320862,0,0.7829682230949402,0.9213147163391113,-0.4949544370174408,0.7634760737419128,0,0.7420240640640259,0.9041158556938171,-0.06371831893920898,0.6625741124153137,0,0.7692918181419373,0.9201065301895142,-0.4542626738548279,0.7601004242897034,0,0.5310593843460083,0.5948368310928345,0.13019278645515442,0.9918516874313354,0,0.5246699452400208,0.5881231427192688,-0.13039398193359375,0.9923434257507324,0,0.35824573040008545,0.6787917613983154,0.20666974782943726,0.6893290281295776,0,0.3470085561275482,0.6811740398406982,-0.054395683109760284,0.8008812069892883,0,0.20127113163471222,0.758816123008728,0.37139710783958435,0.6762271523475647,0,0.16983214020729065,0.7890331149101257,0.0849926769733429,0.7940322756767273,0,0.17269863188266754,0.7612571120262146,0.3848761022090912,0.7008872628211975,0,0.13474483788013458,0.7957304120063782,0.09346599131822586,0.7887003421783447,0,0.183571457862854,0.8707298636436462,0.3115891218185425,0.6699184775352478,0,0.16582846641540527,0.9088451862335205,-0.017012694850564003,0.7327155470848083,0
File 17.JPG,0.7485314011573792,0.4146747589111328,-0.10981052368879318,0.9440671801567078,0,0.761447548866272,0.4321328103542328,-0.11365142464637756,0.9355793595314026,0,0.7612700462341309,0.4391308128833771,-0.11364129930734634,0.9447295665740967,0,0.7611714005470276,0.4463532865047455,-0.11369505524635315,0.9434162974357605,0,0.7615832686424255,0.4227182865142822,-0.08836984634399414,0.9415630102157593,0,0.7617772817611694,0.4223331809043884,-0.08839643746614456,0.9467347860336304,0,0.7619176506996155,0.42223742604255676,-0.08837676793336868,0.9418371915817261,0,0.7536422610282898,0.474324107170105,-0.11872036755084991,0.9355401396751404,0,0.7531940340995789,0.44881224632263184,-0.006161847151815891,0.9383367896080017,0,0.7328512668609619,0.43023520708084106,-0.11159347742795944,0.9450231194496155,0,0.7328546047210693,0.41769251227378845,-0.07876566052436829,0.9424696564674377,0,0.6891250014305115,0.5504460334777832,-0.10514810681343079,0.992824912071228,0,0.6651164293289185,0.3910996615886688,0.0009567424422129989,0.9943309426307678,0,0.6723613142967224,0.710344672203064,-0.11594299972057343,0.6697859764099121,0,0.6790733933448792,0.24211062490940094,-0.014558940194547176,0.7662585973739624,0,0.6797505021095276,0.8775973320007324,-0.2424868941307068,0.707248866558075,0,0.7028367519378662,0.10251545161008835,-0.06825567036867142,0.8062416315078735,0,0.6976964473724365,0.8952463269233704,-0.2676449716091156,0.6932452917098999,0,0.7040903568267822,0.06213168427348137,-0.08666447550058365,0.7931771874427795,0,0.7002521753311157,0.8964319825172424,-0.30868351459503174,0.6933901309967041,0,0.7087915539741516,0.06315125524997711,-0.11606786400079727,0.7853535413742065,0,0.6917144060134888,0.8918387293815613,-0.26658886671066284,0.693354606628418,0,0.7078999876976013,0.07802053540945053,-0.09044227004051208,0.782535195350647,0,0.5116753578186035,0.6257310509681702,-0.04042867571115494,0.9924384355545044,0,0.4717930853366852,0.5389523506164551,0.04048437997698784,0.9929782748222351,0,0.3963536322116852,0.7078913450241089,-0.040279459208250046,0.7177932858467102,0,0.35954731702804565,0.6472794413566589,0.012037333101034164,0.8127549290657043,0,0.2718447744846344,0.8040929436683655,0.07652121782302856,0.7043969035148621,0,0.2536057233810425,0.7728318572044373,0.10833340883255005,0.8080136775970459,0,0.2634217143058777,0.8235206604003906,0.08234299719333649,0.7132189869880676,0,0.24656352400779724,0.7987594604492188,0.10955622047185898,0.7925014495849609,0,0.22931280732154846,0.8188726902008057,-0.05560404807329178,0.698703944683075,0,0.21496325731277466,0.7812505960464478,-0.02927434630692005,0.7551136612892151,0
File 16.jpg,0.4318360686302185,0.4183616638183594,-0.500766932964325,0.9495896100997925,0,0.4236713945865631,0.40975722670555115,-0.5267339944839478,0.9419752359390259,0,0.4209599494934082,0.4037485718727112,-0.5268998742103577,0.9502223134040833,0,0.418590247631073,0.3978695273399353,-0.5268315672874451,0.9490203857421875,0,0.4326622486114502,0.43156078457832336,-0.527743935585022,0.9473468661308289,0,0.4333871901035309,0.43878528475761414,-0.5276058912277222,0.9520100355148315,0,0.43407773971557617,0.4460516571998596,-0.5278918147087097,0.9475746154785156,0,0.4159775376319885,0.387597918510437,-0.526255190372467,0.9419568181037903,0,0.43407100439071655,0.4647202491760254,-0.5295261144638062,0.9444412589073181,0,0.4284500479698181,0.40989094972610474,-0.4846673905849457,0.9504151940345764,0,0.43339499831199646,0.4311216175556183,-0.4854883551597595,0.9481236934661865,0,0.39682111144065857,0.3946056663990021,-0.362355500459671,0.9934378266334534,0,0.5050798058509827,0.5270795226097107,-0.4370313584804535,0.994850754737854,0,0.2755667269229889,0.2887761890888214,-0.48711061477661133,0.702591598033905,0,0.45300593972206116,0.6681398749351501,-0.5886148810386658,0.7891854047775269,0,0.11449559032917023,0.2344614863395691,-0.6533390283584595,0.7363401055335999,0,0.39010322093963623,0.812285840511322,-0.7055189609527588,0.8245741724967957,0,0.06689773499965668,0.23386737704277039,-0.6683343648910522,0.7236653566360474,0,0.35921356081962585,0.8494206070899963,-0.7395020127296448,0.8127433657646179,0,0.07061894237995148,0.23671722412109375,-0.672733724117279,0.7237196564674377,0,0.3579448461532593,0.8524009585380554,-0.7098227739334106,0.805422306060791,0,0.08519890159368515,0.23928292095661163,-0.6537798643112183,0.7235673666000366,0,0.38183480501174927,0.8373409509658813,-0.6950989365577698,0.8027269244194031,0,0.48182544112205505,0.37732136249542236,0.031235098838806152,0.9931879043579102,0,0.5041988492012024,0.46936729550361633,-0.03173169866204262,0.9936780333518982,0,0.3930527865886688,0.46158015727996826,0.15429073572158813,0.7458899021148682,0,0.5324764251708984,0.6391404271125793,-0.20040443539619446,0.8314330577850342,0,0.339638888835907,0.5131188035011292,0.2650143504142761,0.7337872385978699,0,0.5994154214859009,0.7632273435592651,-0.42347145080566406,0.8271881341934204,0,0.34244105219841003,0.5261150598526001,0.2703556418418884,0.741629958152771,0,0.6120718121528625,0.7757576704025269,-0.45017582178115845,0.8132122159004211,0,0.2854391634464264,0.5226069688796997,0.1752806454896927,0.728277325630188,0,0.5773463845252991,0.7896534204483032,-0.6086710691452026,0.779468834400177,0
File 14.jpg,0.2761226296424866,0.4815490245819092,-0.7965474128723145,0.9512171745300293,0,0.2787025570869446,0.473643034696579,-0.8630754947662354,0.9455806016921997,0,0.273931086063385,0.4691041111946106,-0.8630591630935669,0.9535292387008667,0,0.2639068365097046,0.45955580472946167,-0.863124668598175,0.9519595503807068,0,0.24839746952056885,0.4922795295715332,-0.853206217288971,0.9496046304702759,0,0.24789436161518097,0.497979998588562,-0.8531100153923035,0.9536508321762085,0,0.2485189437866211,0.5047630071640015,-0.8534181118011475,0.9485359191894531,0,0.22605860233306885,0.45503878593444824,-0.9423714280128479,0.9461997151374817,0,0.23772014677524567,0.517541229724884,-0.8929404616355896,0.943449079990387,0,0.2898111343383789,0.47062787413597107,-0.7926895022392273,0.9491947889328003,0,0.3018797039985657,0.5115482807159424,-0.7808097004890442,0.9415221810340881,0,0.2871227264404297,0.3378266990184784,-0.6618028879165649,0.9896610975265503,0,0.2577000558376312,0.6520425081253052,-0.6954550743103027,0.9853272438049316,0,0.33379021286964417,0.2940230667591095,-0.2858964800834656,0.6819159388542175,0,0.25112539529800415,0.6907992959022522,-0.5434265732765198,0.7878347635269165,0,0.2851067781448364,0.3988434672355652,0.13961893320083618,0.709452748298645,0,0.2538611590862274,0.736736536026001,-0.3650811016559601,0.8263848423957825,0,0.2859328091144562,0.41803374886512756,0.22582493722438812,0.706234335899353,0,0.2430565059185028,0.7698097229003906,-0.35900259017944336,0.8172314167022705,0,0.36465221643447876,0.394130140542984,0.19075216352939606,0.6978542804718018,0,0.2559414207935333,0.8027071952819824,-0.35365137457847595,0.805311381816864,0,0.3097293972969055,0.4321426451206207,0.14897595345973969,0.7023534774780273,0,0.24312910437583923,0.787345290184021,-0.356817364692688,0.8087215423583984,0,0.3499888777732849,0.39581888914108276,0.04517190158367157,0.9937924742698669,0,0.3421919643878937,0.5353248715400696,-0.044544171541929245,0.9941948056221008,0,0.537316620349884,0.47965285181999207,0.08870711922645569,0.7645899653434753,0,0.511225163936615,0.5476537942886353,-0.08968307822942734,0.8461210131645203,0,0.7051562666893005,0.6968144774436951,0.3133228123188019,0.7576726675033569,0,0.8033414483070374,0.7350214719772339,-0.06388922780752182,0.8431332111358643,0,0.7254144549369812,0.7816479802131653,0.33305618166923523,0.7618952393531799,0,0.8319247364997864,0.766282856464386,-0.058294396847486496,0.8298887014389038,0,0.7574846744537354,0.631111204624176,0.21321195363998413,0.7483811378479004,0,0.8615663647651672,0.7328272461891174,-0.18034541606903076,0.7984505295753479,0
File 15.jpg,0.7952108383178711,0.5886307954788208,-0.054288189858198166,0.9559036493301392,0,0.8041172027587891,0.5596986413002014,-0.04014725983142853,0.95082688331604,0,0.8034071922302246,0.5563108325004578,-0.04021863639354706,0.9580039978027344,0,0.8026102185249329,0.5519029498100281,-0.04033629223704338,0.9566181898117065,0,0.8016537427902222,0.5585107803344727,-0.08447999507188797,0.9544935822486877,0,0.8004146218299866,0.5547489523887634,-0.08438801765441895,0.9581488370895386,0,0.7991679310798645,0.5499987602233887,-0.08434248715639114,0.9535372257232666,0,0.7842799425125122,0.5228918194770813,0.030922703444957733,0.9513489603996277,0,0.7832533717155457,0.5238646864891052,-0.16972309350967407,0.948854386806488,0,0.7797421216964722,0.5896895527839661,-0.02182820439338684,0.9540736675262451,0,0.7773829698562622,0.5882596373558044,-0.07932811975479126,0.9471370577812195,0,0.6796677708625793,0.5186330080032349,0.14146609604358673,0.9905245900154114,0,0.6917158365249634,0.5633023381233215,-0.26650533080101013,0.9866642951965332,0,0.6250731945037842,0.6871097683906555,0.2317325919866562,0.669773519039154,0,0.6151449680328369,0.7410358190536499,-0.30943068861961365,0.7998161315917969,0,0.642887532711029,0.9051807522773743,0.1730775684118271,0.687317430973053,0,0.6320803761482239,0.9230669140815735,-0.2146054059267044,0.8079379200935364,0,0.6648241281509399,0.9311988949775696,0.15918777883052826,0.6821082234382629,0,0.657983660697937,0.9427947998046875,-0.24157088994979858,0.7945572733879089,0,0.6747720837593079,0.9326730370521545,0.11898946017026901,0.6763872504234314,0,0.666662335395813,0.9395347237586975,-0.22165964543819427,0.7824506163597107,0,0.6656585931777954,0.9262087941169739,0.15222150087356567,0.6777135133743286,0,0.6543087363243103,0.9270744919776917,-0.20470967888832092,0.7814236879348755,0,0.5010967254638672,0.5696865916252136,0.13704688847064972,0.9942837953567505,0,0.5071582794189453,0.6137872338294983,-0.1372988522052765,0.9946897625923157,0,0.36114951968193054,0.5759992599487305,0.32490336894989014,0.7574619650840759,0,0.39136284589767456,0.7164427638053894,-0.05313672125339508,0.8592387437820435,0,0.2059706449508667,0.5323992371559143,0.49965283274650574,0.7708616256713867,0,0.23323611915111542,0.8596951365470886,0.020606104284524918,0.8561404943466187,0,0.17536579072475433,0.5106658935546875,0.5182591676712036,0.774336040019989,0,0.1983737349510193,0.8635027408599854,0.03242836147546768,0.8431252837181091,0,0.1934126764535904,0.6455451846122742,0.5224734544754028,0.762827455997467,0,0.24979937076568604,0.949937105178833,-0.11730991303920746,0.813897967338562,0
File 30.jpeg,0.5072162747383118,0.45903369784355164,-0.31117385625839233,0.9602001309394836,0,0.522530198097229,0.46129149198532104,-0.3025789260864258,0.9555166959762573,0,0.5247917771339417,0.4682351052761078,-0.3024015724658966,0.9620426297187805,0,0.5268693566322327,0.47547343373298645,-0.30243945121765137,0.9606115221977234,0,0.5167195796966553,0.4460323750972748,-0.28573843836784363,0.958837628364563,0,0.5154452323913574,0.44163089990615845,-0.2855629622936249,0.9621756076812744,0,0.5142093300819397,0.4371543526649475,-0.2855284810066223,0.9578534960746765,0,0.5292820334434509,0.5068605542182922,-0.23172588646411896,0.9558337926864624,0,0.5113250613212585,0.448152631521225,-0.14858272671699524,0.9535902142524719,0,0.5011178851127625,0.4893874526023865,-0.2845227122306824,0.9580732583999634,0,0.49460646510124207,0.47241705656051636,-0.26021701097488403,0.9517021179199219,0,0.5031312108039856,0.6079800724983215,-0.09774400293827057,0.9911914467811584,0,0.4604279100894928,0.4727959632873535,-0.11076594144105911,0.9876745343208313,0,0.5687496066093445,0.662293016910553,-0.11230716854333878,0.6948994994163513,0,0.45014840364456177,0.47407805919647217,-0.03820299729704857,0.7976140379905701,0,0.5823335647583008,0.8597913980484009,-0.13410769402980804,0.7149093747138977,0,0.4586373567581177,0.4513545334339142,-0.047490186989307404,0.8197826147079468,0,0.5993844866752625,0.903522253036499,-0.12380464375019073,0.7089024186134338,0,0.46456030011177063,0.43333321809768677,-0.04910804331302643,0.8054397106170654,0,0.6047711372375488,0.8968300819396973,-0.14164942502975464,0.7044458389282227,0,0.4700537621974945,0.4325147271156311,-0.05179061368107796,0.7955576181411743,0,0.5975088477134705,0.8331273198127747,-0.14464516937732697,0.7058992385864258,0,0.4659978747367859,0.4404021203517914,-0.05149451643228531,0.7943591475486755,0,0.37663376331329346,0.6330846548080444,0.011765268631279469,0.9935359358787537,0,0.3607177734375,0.561419665813446,-0.011741154827177525,0.9934760928153992,0,0.4813540577888489,0.6452639698982239,-0.0043018897995352745,0.7756891250610352,0,0.37768787145614624,0.43924903869628906,-0.019385522231459618,0.8661893606185913,0,0.5448594093322754,0.702221691608429,0.07072143256664276,0.7824288606643677,0,0.5331913232803345,0.3556951582431793,-0.0711984857916832,0.8561578392982483,0,0.5443152189254761,0.779092013835907,0.07986103743314743,0.7793626189231873,0,0.5330855250358582,0.34910041093826294,-0.07356996089220047,0.8371167182922363,0,0.57305508852005,0.47902846336364746,0.036579031497240067,0.7743839025497437,0,0.5789693593978882,0.3309185802936554,-0.14704358577728271,0.8154978156089783,0
File 9.jpg,0.46708136796951294,0.22127200663089752,-0.7445831894874573,0.9641774296760559,0,0.47946131229400635,0.21790894865989685,-0.7708873152732849,0.9599619507789612,0,0.4812983274459839,0.22204290330410004,-0.7708990573883057,0.9658358693122864,0,0.4833611845970154,0.22589564323425293,-0.7710293531417847,0.9645487666130066,0,0.47823408246040344,0.2072777897119522,-0.7411220669746399,0.962945818901062,0,0.4792805314064026,0.2036047726869583,-0.7411929368972778,0.9659488797187805,0,0.48074012994766235,0.20044422149658203,-0.7410445809364319,0.9620566964149475,0,0.4944998621940613,0.23060131072998047,-0.7689517736434937,0.9602491855621338,0,0.4918595552444458,0.20480778813362122,-0.631920576095581,0.9582183361053467,0,0.46835750341415405,0.242557555437088,-0.7303314805030823,0.9622626304626465,0,0.4655633866786957,0.2277461439371109,-0.6911221742630005,0.95652174949646,0,0.4874408543109894,0.36508670449256897,-0.6145673394203186,0.9920704364776611,0,0.5233601927757263,0.29658299684524536,-0.4687820374965668,0.9888924360275269,0,0.35914346575737,0.3509030342102051,-0.6673741340637207,0.7231315970420837,0,0.6173527836799622,0.3217964172363281,-0.47113367915153503,0.8124014139175415,0,0.25204208493232727,0.31840190291404724,-0.7338058948516846,0.7387328147888184,0,0.7650805115699768,0.3265320360660553,-0.5196141004562378,0.825161337852478,0,0.21659274399280548,0.3232506811618805,-0.760900616645813,0.7315586805343628,0,0.7841249704360962,0.329770028591156,-0.5476779937744141,0.8049414753913879,0,0.21381859481334686,0.3102259933948517,-0.782607913017273,0.728294312953949,0,0.7863662242889404,0.33093997836112976,-0.5586709976196289,0.7983101010322571,0,0.22435516119003296,0.3082174062728882,-0.7408236265182495,0.7275246977806091,0,0.782258927822113,0.3309553265571594,-0.5313698053359985,0.7950787544250488,0,0.4242796301841736,0.44018906354904175,-0.023456204682588577,0.9941819906234741,0,0.42509377002716064,0.38234615325927734,0.02463030256330967,0.9941270351409912,0,0.33476096391677856,0.6209003925323486,-0.15257753431797028,0.7942448854446411,0,0.38502925634384155,0.5145739316940308,0.029462430626153946,0.8507261276245117,0,0.3344168961048126,0.8340344429016113,-0.15388719737529755,0.8025653958320618,0,0.3741193115711212,0.7428293824195862,0.19678446650505066,0.8529614210128784,0,0.3472473621368408,0.8704829812049866,-0.15482260286808014,0.7980745434761047,0,0.38543790578842163,0.7795054912567139,0.21036787331104279,0.8338780403137207,0,0.28549516201019287,0.8699996471405029,-0.2869497537612915,0.7950342297554016,0,0.3452792167663574,0.7944371700286865,0.10870929807424545,0.8196525573730469,0
File 8.jpg,0.5407333970069885,0.46989813446998596,-0.5080726742744446,0.9675652384757996,0,0.5432581305503845,0.45732417702674866,-0.5117157101631165,0.9637671709060669,0,0.5424830317497253,0.45520874857902527,-0.5117209553718567,0.9690719842910767,0,0.5414427518844604,0.45294490456581116,-0.5118075609207153,0.967923104763031,0,0.5431825518608093,0.4638957679271698,-0.5234363675117493,0.9664673805236816,0,0.542339026927948,0.4646632671356201,-0.5235687494277954,0.9691641926765442,0,0.5415236353874207,0.46559593081474304,-0.5237556099891663,0.965613842010498,0,0.5261083245277405,0.43753689527511597,-0.435325026512146,0.9640426635742188,0,0.5245968699455261,0.4633486568927765,-0.49137306213378906,0.9620935320854187,0,0.5292648077011108,0.4682330787181854,-0.4708796441555023,0.965893566608429,0,0.5287266373634338,0.4727456569671631,-0.4874351918697357,0.9607024192810059,0,0.47692587971687317,0.43176957964897156,-0.30032527446746826,0.992830753326416,0,0.4878770112991333,0.498382031917572,-0.35159578919410706,0.9899784922599792,0,0.39255449175834656,0.3959229588508606,-0.24719370901584625,0.7121701836585999,0,0.43975117802619934,0.5581186413764954,-0.296894907951355,0.8118383884429932,0,0.37018322944641113,0.3433588445186615,-0.30759379267692566,0.7560623288154602,0,0.47958531975746155,0.6350390911102295,-0.26117759943008423,0.8357746601104736,0,0.3721650242805481,0.3300381302833557,-0.33384469151496887,0.7502168416976929,0,0.4786931872367859,0.6610545516014099,-0.2785637378692627,0.8184089660644531,0,0.4079117476940155,0.33090534806251526,-0.35061705112457275,0.7482082843780518,0,0.4941933751106262,0.6442030072212219,-0.2877040505409241,0.8131229877471924,0,0.37822309136390686,0.34149280190467834,-0.3136054575443268,0.7460967302322388,0,0.49488726258277893,0.6327015161514282,-0.26106178760528564,0.8088223934173584,0,0.39821767807006836,0.43382880091667175,0.004550044424831867,0.9947593808174133,0,0.3946618139743805,0.47913309931755066,-0.004546105396002531,0.994713306427002,0,0.46769991517066956,0.429979532957077,0.2085130661725998,0.7475982904434204,0,0.48770228028297424,0.5782405734062195,-0.06706398725509644,0.8502568006515503,0,0.5285055637359619,0.3319377303123474,0.32447656989097595,0.780013918876648,0,0.3193967044353485,0.5222840309143066,-0.053275275975465775,0.847283661365509,0,0.5414275527000427,0.3182353377342224,0.33031657338142395,0.7781898975372314,0,0.29439064860343933,0.5122424960136414,-0.050109654664993286,0.8311287760734558,0,0.5580192804336548,0.2943772077560425,0.3201357424259186,0.7801998257637024,0,0.26908814907073975,0.5158780217170715,-0.1042751893401146,0.8150439858436584,0
